1;"Ain";416607;214253;51,43;202354;48,57;2195;0,53;1,08;1182;0,28;0,58;198977;47,76;98,33;"EXG";1219;0,29;0,61;0;"COM";2920;0,7;1,47;0;"FI";19019;4,57;9,56;0;"SOC";6187;1,49;3,11;0;"RDG";2025;0,49;1,02;0;"DVG";59;0,01;0,03;0;"ECO";7374;1,77;3,71;0;"DIV";4238;1,02;2,13;0;"REM";40046;9,61;20,13;0;"MDM";29905;7,18;15,03;0;"UDI";3164;0,76;1,59;0;"LR";49077;11,78;24,66;0;"DLF";2646;0,64;1,33;0;"FN";31098;7,46;15,63;0;;;;;;;;;;;;;;;;
2;"Aisne";375764;197738;52,62;178026;47,38;2980;0,79;1,67;1189;0,32;0,67;173857;46,27;97,66;"EXG";2022;0,54;1,16;0;"COM";3734;0,99;2,15;0;"FI";15222;4,05;8,76;0;"SOC";14721;3,92;8,47;0;"DVG";2938;0,78;1,69;0;"ECO";5994;1,6;3,45;0;"DIV";6271;1,67;3,61;0;"REM";33932;9,03;19,52;0;"MDM";5755;1,53;3,31;0;"UDI";3351;0,89;1,93;0;"LR";29562;7,87;17;0;"DVD";3227;0,86;1,86;0;"DLF";3104;0,83;1,79;0;"FN";43697;11,63;25,13;0;"EXD";327;0,09;0,19;0;;;;;;;;;;;
3;"Allier";253415;123181;48,61;130234;51,39;2481;0,98;1,91;1231;0,49;0,95;126522;49,93;97,15;"EXG";1247;0,49;0,99;0;"COM";10349;4,08;8,18;0;"FI";10821;4,27;8,55;0;"SOC";7804;3,08;6,17;0;"RDG";5526;2,18;4,37;0;"DVG";2318;0,91;1,83;0;"ECO";4987;1,97;3,94;0;"DIV";1729;0,68;1,37;0;"REM";37656;14,86;29,76;0;"LR";26543;10,47;20,98;0;"DVD";570;0,22;0,45;0;"DLF";2512;0,99;1,99;0;"FN";14077;5,55;11,13;0;"EXD";383;0,15;0,3;0;;;;;;;;;;;;;;;;
4;"Alpes-de-Haute-Provence";126469;59636;47,15;66833;52,85;1199;0,95;1,79;581;0,46;0,87;65053;51,44;97,34;"EXG";355;0,28;0,55;0;"COM";2457;1,94;3,78;0;"FI";10358;8,19;15,92;0;"RDG";861;0,68;1,32;0;"DVG";378;0,3;0,58;0;"ECO";2808;2,22;4,32;0;"DIV";1347;1,07;2,07;0;"REM";25597;20,24;39,35;0;"UDI";2295;1,81;3,53;0;"LR";1565;1,24;2,41;0;"DVD";5086;4,02;7,82;0;"DLF";1833;1,45;2,82;0;"FN";10113;8;15,55;0;;;;;;;;;;;;;;;;;;;;;
5;"Hautes-Alpes";109914;51221;46,6;58693;53,4;951;0,87;1,62;357;0,32;0,61;57385;52,21;97,77;"EXG";308;0,28;0,54;0;"COM";884;0,8;1,54;0;"FI";6905;6,28;12,03;0;"SOC";3320;3,02;5,79;0;"ECO";2965;2,7;5,17;0;"DIV";2864;2,61;4,99;0;"REM";21824;19,86;38,03;0;"UDI";3029;2,76;5,28;0;"LR";4084;3,72;7,12;0;"DVD";4230;3,85;7,37;0;"FN";6972;6,34;12,15;0;;;;;;;;;;;;;;;;;;;;;;;;;;;;;;;
6;"Alpes-Maritimes";761428;403988;53,06;357440;46,94;4839;0,64;1,35;1721;0,23;0,48;350880;46,08;98,16;"EXG";1504;0,2;0,43;0;"COM";6460;0,85;1,84;0;"FI";29574;3,88;8,43;0;"SOC";5978;0,79;1,7;0;"DVG";302;0,04;0,09;0;"ECO";14383;1,89;4,1;0;"DIV";14910;1,96;4,25;0;"REM";89028;11,69;25,37;0;"MDM";12047;1,58;3,43;0;"UDI";16722;2,2;4,77;0;"LR";78915;10,36;22,49;0;"DVD";5007;0,66;1,43;0;"DLF";6331;0,83;1,8;0;"FN";69016;9,06;19,67;0;"EXD";703;0,09;0,2;0;;;;;;;;;;;
7;"Ardèche";249259;115754;46,44;133505;53,56;1889;0,76;1,41;854;0,34;0,64;130762;52,46;97,95;"EXG";744;0,3;0,57;0;"COM";3785;1,52;2,89;0;"FI";16007;6,42;12,24;0;"SOC";26694;10,71;20,41;0;"ECO";5116;2,05;3,91;0;"DIV";1385;0,56;1,06;0;"REM";32668;13,11;24,98;0;"UDI";5972;2,4;4,57;0;"LR";14950;6;11,43;0;"DVD";3932;1,58;3,01;0;"DLF";1574;0,63;1,2;0;"FN";16966;6,81;12,97;0;"EXD";969;0,39;0,74;0;;;;;;;;;;;;;;;;;;;;;
8;"Ardennes";194302;102359;52,68;91943;47,32;985;0,51;1,07;538;0,28;0,59;90420;46,54;98,34;"EXG";698;0,36;0,77;0;"COM";2219;1,14;2,45;0;"FI";7539;3,88;8,34;0;"SOC";7193;3,7;7,96;0;"ECO";2664;1,37;2,95;0;"DIV";946;0,49;1,05;0;"REM";18343;9,44;20,29;0;"LR";33196;17,08;36,71;0;"FN";17622;9,07;19,49;0;;;;;;;;;;;;;;;;;;;;;;;;;;;;;;;;;;;;;;;;;
9;"Ariège";117431;53553;45,6;63878;54,4;1255;1,07;1,96;653;0,56;1,02;61970;52,77;97,01;"EXG";432;0,37;0,7;0;"COM";1600;1,36;2,58;0;"FI";12102;10,31;19,53;0;"SOC";9694;8,26;15,64;0;"ECO";2962;2,52;4,78;0;"DIV";2649;2,26;4,27;0;"REM";17639;15,02;28,46;0;"UDI";327;0,28;0,53;0;"LR";6252;5,32;10,09;0;"DLF";258;0,22;0,42;0;"FN";8055;6,86;13;0;;;;;;;;;;;;;;;;;;;;;;;;;;;;;;;
10;"Aube";203890;100871;49,47;103019;50,53;1426;0,7;1,38;580;0,28;0,56;101013;49,54;98,05;"EXG";667;0,33;0,66;0;"COM";1746;0,86;1,73;0;"FI";8511;4,17;8,43;0;"SOC";2160;1,06;2,14;0;"DVG";582;0,29;0,58;0;"ECO";2755;1,35;2,73;0;"DIV";2563;1,26;2,54;0;"REM";20982;10,29;20,77;0;"MDM";10181;4,99;10,08;0;"LR";24688;12,11;24,44;0;"DVD";2743;1,35;2,72;0;"DLF";589;0,29;0,58;0;"FN";22846;11,21;22,62;0;;;;;;;;;;;;;;;;;;;;;
11;"Aude";272661;127415;46,73;145246;53,27;2989;1,1;2,06;1554;0,57;1,07;140703;51,6;96,87;"EXG";944;0,35;0,67;0;"COM";2758;1,01;1,96;0;"FI";19393;7,11;13,78;0;"SOC";20084;7,37;14,27;0;"DVG";3220;1,18;2,29;0;"ECO";4355;1,6;3,1;0;"DIV";2078;0,76;1,48;0;"REM";39391;14,45;28;0;"UDI";599;0,22;0,43;0;"LR";16738;6,14;11,9;0;"DVD";320;0,12;0,23;0;"DLF";1468;0,54;1,04;0;"FN";28721;10,53;20,41;0;"EXD";634;0,23;0,45;0;;;;;;;;;;;;;;;;
12;"Aveyron";218024;90756;41,63;127268;58,37;2116;0,97;1,66;1163;0,53;0,91;123989;56,87;97,42;"EXG";747;0,34;0,6;0;"COM";1923;0,88;1,55;0;"FI";16358;7,5;13,19;0;"SOC";8136;3,73;6,56;0;"DVG";1062;0,49;0,86;0;"ECO";3551;1,63;2,86;0;"DIV";623;0,29;0,5;0;"REM";48646;22,31;39,23;0;"LR";32558;14,93;26,26;0;"DLF";465;0,21;0,38;0;"FN";9920;4,55;8;0;;;;;;;;;;;;;;;;;;;;;;;;;;;;;;;
13;"Bouches-du-Rhône";1370875;738326;53,86;632549;46,14;8912;0,65;1,41;3479;0,25;0,55;620158;45,24;98,04;"EXG";3841;0,28;0,62;0;"COM";27357;2;4,41;0;"FI";79451;5,8;12,81;0;"SOC";21557;1,57;3,48;0;"RDG";1879;0,14;0,3;0;"DVG";3465;0,25;0,56;0;"ECO";25705;1,88;4,14;0;"DIV";11761;0,86;1,9;0;"REG";262;0,02;0,04;0;"REM";147503;10,76;23,78;0;"MDM";39319;2,87;6,34;0;"UDI";7810;0,57;1,26;0;"LR";106082;7,74;17,11;0;"DVD";6496;0,47;1,05;0;"DLF";8913;0,65;1,44;0;"FN";124672;9,09;20,1;0;"EXD";4085;0,3;0,66;0;
14;"Calvados";500944;241131;48,14;259813;51,86;3814;0,76;1,47;1947;0,39;0,75;254052;50,71;97,78;"EXG";2951;0,59;1,16;0;"COM";6322;1,26;2,49;0;"FI";19510;3,89;7,68;0;"SOC";19160;3,82;7,54;0;"RDG";1676;0,33;0,66;0;"DVG";11093;2,21;4,37;0;"ECO";10964;2,19;4,32;0;"DIV";1780;0,36;0,7;0;"REM";81552;16,28;32,1;0;"MDM";11602;2,32;4,57;0;"UDI";11790;2,35;4,64;0;"LR";34570;6,9;13,61;0;"DVD";5986;1,19;2,36;0;"DLF";3761;0,75;1,48;0;"FN";30940;6,18;12,18;0;"EXD";395;0,08;0,16;0;;;;;;
15;"Cantal";117298;52628;44,87;64670;55,13;935;0,8;1,45;505;0,43;0,78;63230;53,91;97,77;"EXG";362;0,31;0,57;0;"COM";2871;2,45;4,54;0;"FI";3407;2,9;5,39;0;"SOC";1258;1,07;1,99;0;"ECO";2866;2,44;4,53;0;"DIV";552;0,47;0,87;0;"REM";19340;16,49;30,59;0;"LR";20546;17,52;32,49;0;"DVD";7620;6,5;12,05;0;"DLF";351;0,3;0,56;0;"FN";3957;3,37;6,26;0;"EXD";100;0,09;0,16;0;;;;;;;;;;;;;;;;;;;;;;;;;;
16;"Charente";259862;129069;49,67;130793;50,33;2140;0,82;1,64;1232;0,47;0,94;127421;49,03;97,42;"EXG";1280;0,49;1;0;"COM";4436;1,71;3,48;0;"FI";14728;5,67;11,56;0;"SOC";18534;7,13;14,55;0;"DVG";350;0,13;0,27;0;"ECO";4830;1,86;3,79;0;"DIV";2427;0,93;1,9;0;"REM";43248;16,64;33,94;0;"UDI";8013;3,08;6,29;0;"LR";11223;4,32;8,81;0;"DVD";1598;0,61;1,25;0;"DLF";711;0,27;0,56;0;"FN";15647;6,02;12,28;0;"EXD";396;0,15;0,31;0;;;;;;;;;;;;;;;;
17;"Charente-Maritime";491038;243861;49,66;247177;50,34;3418;0,7;1,38;1574;0,32;0,64;242185;49,32;97,98;"EXG";1538;0,31;0,64;0;"COM";3218;0,66;1,33;0;"FI";29328;5,97;12,11;0;"SOC";13975;2,85;5,77;0;"RDG";1168;0,24;0,48;0;"DVG";22828;4,65;9,43;0;"ECO";9269;1,89;3,83;0;"DIV";21202;4,32;8,75;0;"REM";46210;9,41;19,08;0;"MDM";14095;2,87;5,82;0;"UDI";876;0,18;0,36;0;"LR";43796;8,92;18,08;0;"DVD";405;0,08;0,17;0;"DLF";2381;0,48;0,98;0;"FN";31680;6,45;13,08;0;"EXD";216;0,04;0,09;0;;;;;;
18;"Cher";228850;115523;50,48;113327;49,52;2545;1,11;2,25;746;0,33;0,66;110036;48,08;97,1;"EXG";1250;0,55;1,14;0;"COM";9311;4,07;8,46;0;"FI";8933;3,9;8,12;0;"SOC";11837;5,17;10,76;0;"ECO";3109;1,36;2,83;0;"DIV";3426;1,5;3,11;0;"REM";26680;11,66;24,25;0;"MDM";10794;4,72;9,81;0;"UDI";4599;2,01;4,18;0;"LR";12032;5,26;10,93;0;"DLF";1222;0,53;1,11;0;"FN";16843;7,36;15,31;0;;;;;;;;;;;;;;;;;;;;;;;;;;
19;"Corrèze";185184;79174;42,75;106010;57,25;2231;1,2;2,1;1235;0,67;1,16;102544;55,37;96,73;"EXG";646;0,35;0,63;0;"COM";5611;3,03;5,47;0;"FI";11836;6,39;11,54;0;"SOC";16538;8,93;16,13;0;"ECO";2054;1,11;2;0;"DIV";680;0,37;0,66;0;"REM";32421;17,51;31,62;0;"LR";18805;10,15;18,34;0;"DVD";2924;1,58;2,85;0;"DLF";1457;0,79;1,42;0;"FN";9125;4,93;8,9;0;"EXD";447;0,24;0,44;0;;;;;;;;;;;;;;;;;;;;;;;;;;
"2A";"Corse-du-Sud";108772;57163;52,55;51609;47,45;859;0,79;1,66;583;0,54;1,13;50167;46,12;97,21;"EXG";281;0,26;0,56;0;"COM";1704;1,57;3,4;0;"FI";2855;2,62;5,69;0;"DIV";394;0,36;0,79;0;"REG";12850;11,81;25,61;0;"REM";11684;10,74;23,29;0;"LR";17490;16,08;34,86;0;"EXD";2909;2,67;5,8;0;;;;;;;;;;;;;;;;;;;;;;;;;;;;;;;;;;;;;;;;;;;;;;
"2B";"Haute-Corse";124791;61167;49,02;63624;50,98;780;0,63;1,23;507;0,41;0,8;62337;49,95;97,98;"EXG";202;0,16;0,32;0;"COM";2735;2,19;4,39;0;"FI";2209;1,77;3,54;0;"DVG";2710;2,17;4,35;0;"DIV";1109;0,89;1,78;0;"REG";21075;16,89;33,81;0;"REM";13839;11,09;22,2;0;"LR";10860;8,7;17,42;0;"DVD";4700;3,77;7,54;0;"FN";2582;2,07;4,14;0;"EXD";316;0,25;0,51;0;;;;;;;;;;;;;;;;;;;;;;;;;;;;;;;
21;"Côte-d'Or";360887;173212;48;187675;52;2618;0,73;1,39;938;0,26;0,5;184119;51,02;98,11;"EXG";1333;0,37;0,72;0;"COM";2762;0,77;1,5;0;"FI";19445;5,39;10,56;0;"SOC";9079;2,52;4,93;0;"RDG";3016;0,84;1,64;0;"DVG";3624;1;1,97;0;"ECO";8384;2,32;4,55;0;"DIV";2213;0,61;1,2;0;"REM";60531;16,77;32,88;0;"LR";34872;9,66;18,94;0;"DVD";12283;3,4;6,67;0;"DLF";438;0,12;0,24;0;"FN";26139;7,24;14,2;0;;;;;;;;;;;;;;;;;;;;;
22;"Côtes-d'Armor";455842;191793;42,07;264049;57,93;3824;0,84;1,45;1759;0,39;0,67;258466;56,7;97,89;"EXG";2988;0,66;1,16;0;"COM";8680;1,9;3,36;0;"FI";30502;6,69;11,8;0;"SOC";26602;5,84;10,29;0;"DVG";148;0,03;0,06;0;"ECO";10829;2,38;4,19;0;"DIV";1693;0,37;0,66;0;"REG";6068;1,33;2,35;0;"REM";80152;17,58;31,01;0;"MDM";19951;4,38;7,72;0;"UDI";9470;2,08;3,66;0;"LR";36022;7,9;13,94;0;"DVD";4102;0,9;1,59;0;"FN";21259;4,66;8,23;0;;;;;;;;;;;;;;;;
23;"Creuse";92991;41723;44,87;51268;55,13;1090;1,17;2,13;460;0,49;0,9;49718;53,47;96,98;"EXG";239;0,26;0,48;0;"COM";1406;1,51;2,83;0;"FI";6820;7,33;13,72;0;"SOC";7715;8,3;15,52;0;"DVG";377;0,41;0,76;0;"ECO";1547;1,66;3,11;0;"DIV";230;0,25;0,46;0;"REM";16500;17,74;33,19;0;"LR";8818;9,48;17,74;0;"DVD";125;0,13;0,25;0;"DLF";716;0,77;1,44;0;"FN";5225;5,62;10,51;0;;;;;;;;;;;;;;;;;;;;;;;;;;
24;"Dordogne";313688;138279;44,08;175409;55,92;3433;1,09;1,96;1979;0,63;1,13;169997;54,19;96,91;"EXG";1142;0,36;0,67;0;"COM";7759;2,47;4,56;0;"FI";23559;7,51;13,86;0;"SOC";18349;5,85;10,79;0;"DVG";2751;0,88;1,62;0;"ECO";8739;2,79;5,14;0;"DIV";1341;0,43;0,79;0;"REG";978;0,31;0,58;0;"REM";43584;13,89;25,64;0;"MDM";11899;3,79;7;0;"UDI";0;0;0;0;"LR";22994;7,33;13,53;0;"DVD";3778;1,2;2,22;0;"DLF";1355;0,43;0,8;0;"FN";21740;6,93;12,79;0;"EXD";29;0,01;0,02;0;;;;;;
25;"Doubs";368412;183872;49,91;184540;50,09;2836;0,77;1,54;1402;0,38;0,76;180302;48,94;97,7;"EXG";1649;0,45;0,91;0;"COM";3833;1,04;2,13;0;"FI";19007;5,16;10,54;0;"SOC";7753;2,1;4,3;0;"ECO";23238;6,31;12,89;0;"DIV";4597;1,25;2,55;0;"REM";46891;12,73;26,01;0;"LR";42766;11,61;23,72;0;"DVD";1940;0,53;1,08;0;"DLF";1395;0,38;0,77;0;"FN";27233;7,39;15,1;0;;;;;;;;;;;;;;;;;;;;;;;;;;;;;;;
26;"Drôme";369504;183251;49,59;186253;50,41;2726;0,74;1,46;1097;0,3;0,59;182430;49,37;97,95;"EXG";1184;0,32;0,65;0;"COM";3981;1,08;2,18;0;"FI";23217;6,28;12,73;0;"SOC";17462;4,73;9,57;0;"RDG";230;0,06;0,13;0;"DVG";413;0,11;0,23;0;"ECO";9375;2,54;5,14;0;"DIV";3965;1,07;2,17;0;"REM";54777;14,82;30,03;0;"UDI";6564;1,78;3,6;0;"LR";27625;7,48;15,14;0;"DVD";3064;0,83;1,68;0;"DLF";1874;0,51;1,03;0;"FN";28254;7,65;15,49;0;"EXD";445;0,12;0,24;0;;;;;;;;;;;
27;"Eure";427715;216191;50,55;211524;49,45;3851;0,9;1,82;1368;0,32;0,65;206305;48,23;97,53;"EXG";2163;0,51;1,05;0;"COM";4000;0,94;1,94;0;"FI";24446;5,72;11,85;0;"SOC";8452;1,98;4,1;0;"DVG";1580;0,37;0,77;0;"ECO";7181;1,68;3,48;0;"DIV";5989;1,4;2,9;0;"REM";57685;13,49;27,96;0;"MDM";12867;3,01;6,24;0;"UDI";12822;3;6,22;0;"LR";16034;3,75;7,77;0;"DVD";6576;1,54;3,19;0;"DLF";2176;0,51;1,05;0;"FN";43879;10,26;21,27;0;"EXD";455;0,11;0,22;0;;;;;;;;;;;
28;"Eure-et-Loir";301390;151293;50,2;150097;49,8;2179;0,72;1,45;959;0,32;0,64;146959;48,76;97,91;"EXG";1724;0,57;1,17;0;"COM";1463;0,49;1;0;"FI";13427;4,46;9,14;0;"SOC";4127;1,37;2,81;0;"RDG";10780;3,58;7,34;0;"DVG";3127;1,04;2,13;0;"ECO";3908;1,3;2,66;0;"DIV";1311;0,43;0,89;0;"REM";33269;11,04;22,64;0;"UDI";15064;5;10,25;0;"LR";30001;9,95;20,41;0;"DVD";2495;0,83;1,7;0;"DLF";2414;0,8;1,64;0;"FN";23279;7,72;15,84;0;"EXD";570;0,19;0,39;0;;;;;;;;;;;
29;"Finistère";689419;304709;44,2;384710;55,8;5513;0,8;1,43;1982;0,29;0,52;377215;54,71;98,05;"EXG";2671;0,39;0,71;0;"COM";5649;0,82;1,5;0;"FI";46385;6,73;12,3;0;"SOC";41363;6;10,97;0;"DVG";10610;1,54;2,81;0;"ECO";15026;2,18;3,98;0;"DIV";4661;0,68;1,24;0;"REG";15418;2,24;4,09;0;"REM";138178;20,04;36,63;0;"UDI";7873;1,14;2,09;0;"LR";44044;6,39;11,68;0;"DVD";14713;2,13;3,9;0;"DLF";4017;0,58;1,06;0;"FN";25957;3,77;6,88;0;"EXD";650;0,09;0,17;0;;;;;;;;;;;
30;"Gard";537622;278909;51,88;258713;48,12;4343;0,81;1,68;1846;0,34;0,71;252524;46,97;97,61;"EXG";2003;0,37;0,79;0;"COM";11689;2,17;4,63;0;"FI";30978;5,76;12,27;0;"SOC";9954;1,85;3,94;0;"DVG";4896;0,91;1,94;0;"ECO";14185;2,64;5,62;0;"DIV";2981;0,55;1,18;0;"REM";64059;11,92;25,37;0;"MDM";13943;2,59;5,52;0;"UDI";5462;1,02;2,16;0;"LR";26324;4,9;10,42;0;"DVD";1784;0,33;0,71;0;"DLF";3106;0,58;1,23;0;"FN";60876;11,32;24,11;0;"EXD";284;0,05;0,11;0;;;;;;;;;;;
31;"Haute-Garonne";899741;426925;47,45;472816;52,55;6347;0,71;1,34;2863;0,32;0,61;463606;51,53;98,05;"EXG";2753;0,31;0,59;0;"COM";9206;1,02;1,99;0;"FI";72730;8,08;15,69;0;"SOC";55270;6,14;11,92;0;"DVG";1259;0,14;0,27;0;"ECO";24580;2,73;5,3;0;"DIV";10578;1,18;2,28;0;"REG";345;0,04;0,07;0;"REM";153799;17,09;33,17;0;"MDM";19234;2,14;4,15;0;"UDI";13286;1,48;2,87;0;"LR";44953;5;9,7;0;"DVD";453;0,05;0,1;0;"DLF";2574;0,29;0,56;0;"FN";51760;5,75;11,16;0;"EXD";826;0,09;0,18;0;;;;;;
32;"Gers";145005;61621;42,5;83384;57,5;1635;1,13;1,96;731;0,5;0,88;81018;55,87;97,16;"EXG";497;0,34;0,61;0;"COM";1786;1,23;2,2;0;"FI";9016;6,22;11,13;0;"SOC";14133;9,75;17,44;0;"DVG";2259;1,56;2,79;0;"ECO";2814;1,94;3,47;0;"DIV";2371;1,64;2,93;0;"REM";23333;16,09;28,8;0;"UDI";6437;4,44;7,95;0;"LR";3998;2,76;4,93;0;"DVD";4702;3,24;5,8;0;"DLF";425;0,29;0,52;0;"FN";9247;6,38;11,41;0;;;;;;;;;;;;;;;;;;;;;
33;"Gironde";1086592;533597;49,11;552995;50,89;6679;0,61;1,21;3136;0,29;0,57;543180;49,99;98,23;"EXG";3955;0,36;0,73;0;"COM";8148;0,75;1,5;0;"FI";72525;6,67;13,35;0;"SOC";63979;5,89;11,78;0;"DVG";3200;0,29;0,59;0;"ECO";25638;2,36;4,72;0;"DIV";8225;0,76;1,51;0;"REM";186000;17,12;34,24;0;"MDM";14888;1,37;2,74;0;"UDI";12671;1,17;2,33;0;"LR";63743;5,87;11,74;0;"DVD";8818;0,81;1,62;0;"DLF";7633;0,7;1,41;0;"FN";62676;5,77;11,54;0;"EXD";1081;0,1;0,2;0;;;;;;;;;;;
34;"Hérault";800475;413187;51,62;387288;48,38;6666;0,83;1,72;2587;0,32;0,67;378035;47,23;97,61;"EXG";2704;0,34;0,72;0;"COM";8194;1,02;2,17;0;"FI";56990;7,12;15,08;0;"SOC";29570;3,69;7,82;0;"RDG";159;0,02;0,04;0;"DVG";6916;0,86;1,83;0;"ECO";14182;1,77;3,75;0;"DIV";6838;0,85;1,81;0;"REM";117488;14,68;31,08;0;"UDI";3836;0,48;1,01;0;"LR";41368;5,17;10,94;0;"DVD";8147;1,02;2,16;0;"DLF";3143;0,39;0,83;0;"FN";77024;9,62;20,37;0;"EXD";1476;0,18;0,39;0;;;;;;;;;;;
35;"Ille-et-Vilaine";731377;329092;45;402285;55;4839;0,66;1,2;2155;0,29;0,54;395291;54,05;98,26;"EXG";3580;0,49;0,91;0;"COM";7213;0,99;1,82;0;"FI";45416;6,21;11,49;0;"SOC";49014;6,7;12,4;0;"DVG";5759;0,79;1,46;0;"ECO";20834;2,85;5,27;0;"DIV";5837;0,8;1,48;0;"REG";2943;0,4;0,74;0;"REM";112704;15,41;28,51;0;"MDM";24727;3,38;6,26;0;"UDI";23542;3,22;5,96;0;"LR";58706;8,03;14,85;0;"DVD";2869;0,39;0,73;0;"DLF";1709;0,23;0,43;0;"FN";30200;4,13;7,64;0;"EXD";238;0,03;0,06;0;;;;;;
36;"Indre";170593;82139;48,15;88454;51,85;1704;1;1,93;755;0,44;0,85;85995;50,41;97,22;"EXG";1092;0,64;1,27;0;"COM";1488;0,87;1,73;0;"FI";9417;5,52;10,95;0;"SOC";11176;6,55;13;0;"ECO";2683;1,57;3,12;0;"DIV";598;0,35;0,7;0;"REM";14540;8,52;16,91;0;"MDM";13405;7,86;15,59;0;"LR";15928;9,34;18,52;0;"DVD";2727;1,6;3,17;0;"DLF";407;0,24;0,47;0;"FN";12534;7,35;14,58;0;;;;;;;;;;;;;;;;;;;;;;;;;;
37;"Indre-et-Loire";428788;208442;48,61;220346;51,39;3587;0,84;1,63;1677;0,39;0,76;215082;50,16;97,61;"EXG";2390;0,56;1,11;0;"COM";4004;0,93;1,86;0;"FI";27721;6,46;12,89;0;"SOC";28886;6,74;13,43;0;"RDG";2384;0,56;1,11;0;"DVG";665;0,16;0,31;0;"ECO";12099;2,82;5,63;0;"DIV";1917;0,45;0,89;0;"REM";61134;14,26;28,42;0;"UDI";9675;2,26;4,5;0;"LR";30085;7,02;13,99;0;"DVD";10156;2,37;4,72;0;"DLF";6101;1,42;2,84;0;"FN";17865;4,17;8,31;0;;;;;;;;;;;;;;;;
38;"Isère";856815;436681;50,97;420134;49,03;5025;0,59;1,2;3087;0,36;0,73;412022;48,09;98,07;"EXG";3672;0,43;0,89;0;"COM";8663;1,01;2,1;0;"FI";48946;5,71;11,88;0;"SOC";29057;3,39;7,05;0;"RDG";1797;0,21;0,44;0;"DVG";3130;0,37;0,76;0;"ECO";28439;3,32;6,9;0;"DIV";3653;0,43;0,89;0;"REM";134740;15,73;32,7;0;"MDM";18427;2,15;4,47;0;"UDI";8067;0,94;1,96;0;"LR";56382;6,58;13,68;0;"DVD";523;0,06;0,13;0;"DLF";5636;0,66;1,37;0;"FN";60456;7,06;14,67;0;"EXD";434;0,05;0,11;0;;;;;;
39;"Jura";190162;89211;46,91;100951;53,09;1429;0,75;1,42;689;0,36;0,68;98833;51,97;97,9;"EXG";758;0,4;0,77;0;"COM";2848;1,5;2,88;0;"FI";13509;7,1;13,67;0;"SOC";3596;1,89;3,64;0;"DVG";749;0,39;0,76;0;"ECO";2645;1,39;2,68;0;"DIV";1511;0,79;1,53;0;"REM";12265;6,45;12,41;0;"MDM";17240;9,07;17,44;0;"LR";26202;13,78;26,51;0;"DVD";2584;1,36;2,61;0;"DLF";1753;0,92;1,77;0;"FN";13173;6,93;13,33;0;;;;;;;;;;;;;;;;;;;;;
40;"Landes";310207;138746;44,73;171461;55,27;3460;1,12;2,02;1463;0,47;0,85;166538;53,69;97,13;"EXG";1196;0,39;0,72;0;"COM";6552;2,11;3,93;0;"FI";19633;6,33;11,79;0;"SOC";27007;8,71;16,22;0;"DVG";514;0,17;0,31;0;"ECO";5092;1,64;3,06;0;"DIV";1330;0,43;0,8;0;"REM";43797;14,12;26,3;0;"MDM";23213;7,48;13,94;0;"UDI";3662;1,18;2,2;0;"LR";12647;4,08;7,59;0;"DVD";1538;0,5;0,92;0;"DLF";2947;0,95;1,77;0;"FN";17410;5,61;10,45;0;;;;;;;;;;;;;;;;
41;"Loir-et-Cher";245296;115022;46,89;130274;53,11;1892;0,77;1,45;778;0,32;0,6;127604;52,02;97,95;"EXG";854;0,35;0,67;0;"COM";3023;1,23;2,37;0;"FI";12516;5,1;9,81;0;"SOC";7706;3,14;6,04;0;"ECO";5426;2,21;4,25;0;"DIV";844;0,34;0,66;0;"REM";24188;9,86;18,96;0;"MDM";14076;5,74;11,03;0;"UDI";17175;7;13,46;0;"LR";17544;7,15;13,75;0;"DVD";3378;1,38;2,65;0;"DLF";611;0,25;0,48;0;"FN";20263;8,26;15,88;0;;;;;;;;;;;;;;;;;;;;;
42;"Loire";511196;267229;52,28;243967;47,72;3145;0,62;1,29;1159;0,23;0,48;239663;46,88;98,24;"EXG";2034;0,4;0,85;0;"COM";8476;1,66;3,54;0;"FI";24827;4,86;10,36;0;"SOC";10600;2,07;4,42;0;"RDG";358;0,07;0,15;0;"ECO";10389;2,03;4,33;0;"DIV";2688;0,53;1,12;0;"REM";65757;12,86;27,44;0;"MDM";16880;3,3;7,04;0;"UDI";12775;2,5;5,33;0;"LR";38686;7,57;16,14;0;"DVD";5091;1;2,12;0;"DLF";2270;0,44;0,95;0;"FN";37819;7,4;15,78;0;"EXD";1013;0,2;0,42;0;;;;;;;;;;;
43;"Haute-Loire";177249;81092;45,75;96157;54,25;1211;0,68;1,26;628;0,35;0,65;94318;53,21;98,09;"EXG";472;0,27;0,5;0;"COM";785;0,44;0,83;0;"FI";9480;5,35;10,05;0;"SOC";3078;1,74;3,26;0;"DVG";940;0,53;1;0;"ECO";3196;1,8;3,39;0;"DIV";431;0,24;0,46;0;"REM";27805;15,69;29,48;0;"LR";38573;21,76;40,9;0;"DVD";414;0,23;0,44;0;"DLF";421;0,24;0,45;0;"FN";8411;4,75;8,92;0;"EXD";312;0,18;0,33;0;;;;;;;;;;;;;;;;;;;;;
44;"Loire-Atlantique";994938;455261;45,76;539677;54,24;7215;0,73;1,34;2790;0,28;0,52;529672;53,24;98,15;"EXG";3830;0,38;0,72;0;"COM";7418;0,75;1,4;0;"FI";75626;7,6;14,28;0;"SOC";39538;3,97;7,46;0;"RDG";1263;0,13;0,24;0;"DVG";13667;1,37;2,58;0;"ECO";27908;2,8;5,27;0;"DIV";5941;0,6;1,12;0;"REG";7929;0,8;1,5;0;"REM";166450;16,73;31,43;0;"MDM";49442;4,97;9,33;0;"UDI";13291;1,34;2,51;0;"LR";67206;6,75;12,69;0;"DVD";4737;0,48;0,89;0;"DLF";6302;0,63;1,19;0;"FN";38746;3,89;7,32;0;"EXD";378;0,04;0,07;0;
45;"Loiret";452857;224319;49,53;228538;50,47;3386;0,75;1,48;1402;0,31;0,61;223750;49,41;97,9;"EXG";1772;0,39;0,79;0;"COM";9434;2,08;4,22;0;"FI";17846;3,94;7,98;0;"SOC";12834;2,83;5,74;0;"ECO";7723;1,71;3,45;0;"DIV";5160;1,14;2,31;0;"REM";65553;14,48;29,3;0;"MDM";12841;2,84;5,74;0;"UDI";6149;1,36;2,75;0;"LR";44057;9,73;19,69;0;"DVD";2506;0,55;1,12;0;"DLF";3758;0,83;1,68;0;"FN";34117;7,53;15,25;0;;;;;;;;;;;;;;;;;;;;;
46;"Lot";136169;56615;41,58;79554;58,42;1163;0,85;1,46;818;0,6;1,03;77573;56,97;97,51;"EXG";415;0,3;0,53;0;"COM";1914;1,41;2,47;0;"FI";11571;8,5;14,92;0;"SOC";7116;5,23;9,17;0;"RDG";4930;3,62;6,36;0;"ECO";3923;2,88;5,06;0;"DIV";831;0,61;1,07;0;"REM";24758;18,18;31,92;0;"UDI";3630;2,67;4,68;0;"LR";11253;8,26;14,51;0;"DLF";447;0,33;0,58;0;"FN";6785;4,98;8,75;0;;;;;;;;;;;;;;;;;;;;;;;;;;
47;"Lot-et-Garonne";240851;111796;46,42;129055;53,58;2375;0,99;1,84;1188;0,49;0,92;125492;52,1;97,24;"EXG";901;0,37;0,72;0;"COM";2484;1,03;1,98;0;"FI";13980;5,8;11,14;0;"SOC";12938;5,37;10,31;0;"ECO";4461;1,85;3,55;0;"DIV";1181;0,49;0,94;0;"REM";38241;15,88;30,47;0;"UDI";8940;3,71;7,12;0;"LR";13150;5,46;10,48;0;"DVD";4054;1,68;3,23;0;"DLF";1946;0,81;1,55;0;"FN";23216;9,64;18,5;0;;;;;;;;;;;;;;;;;;;;;;;;;;
48;"Lozère";59443;24139;40,61;35304;59,39;619;1,04;1,75;389;0,65;1,1;34296;57,7;97,14;"EXG";167;0,28;0,49;0;"COM";2294;3,86;6,69;0;"FI";3335;5,61;9,72;0;"SOC";4495;7,56;13,11;0;"DIV";727;1,22;2,12;0;"REM";7427;12,49;21,66;0;"LR";10600;17,83;30,91;0;"DVD";2291;3,85;6,68;0;"DLF";383;0,64;1,12;0;"FN";2369;3,99;6,91;0;"EXD";208;0,35;0,61;0;;;;;;;;;;;;;;;;;;;;;;;;;;;;;;;
49;"Maine-et-Loire";568987;271345;47,69;297642;52,31;4967;0,87;1,67;1983;0,35;0,67;290692;51,09;97,66;"EXG";2516;0,44;0,87;0;"COM";4058;0,71;1,4;0;"FI";30831;5,42;10,61;0;"SOC";18944;3,33;6,52;0;"RDG";1483;0,26;0,51;0;"ECO";12282;2,16;4,23;0;"DIV";7022;1,23;2,42;0;"REM";102563;18,03;35,28;0;"MDM";17126;3,01;5,89;0;"UDI";8933;1,57;3,07;0;"LR";39788;6,99;13,69;0;"DVD";14037;2,47;4,83;0;"DLF";4820;0,85;1,66;0;"FN";25849;4,54;8,89;0;"EXD";440;0,08;0,15;0;;;;;;;;;;;
50;"Manche";378987;180391;47,6;198596;52,4;3314;0,87;1,67;1072;0,28;0,54;194210;51,24;97,79;"EXG";1459;0,38;0,75;0;"COM";5669;1,5;2,92;0;"FI";17306;4,57;8,91;0;"SOC";8009;2,11;4,12;0;"DVG";1865;0,49;0,96;0;"ECO";7818;2,06;4,03;0;"DIV";8833;2,33;4,55;0;"REM";74531;19,67;38,38;0;"LR";43260;11,41;22,27;0;"DVD";546;0,14;0,28;0;"FN";22904;6,04;11,79;0;"EXD";2010;0,53;1,03;0;;;;;;;;;;;;;;;;;;;;;;;;;;
51;"Marne";381603;200758;52,61;180845;47,39;2242;0,59;1,24;931;0,24;0,51;177672;46,56;98,25;"EXG";1628;0,43;0,92;0;"COM";4260;1,12;2,4;0;"FI";16986;4,45;9,56;0;"SOC";7205;1,89;4,06;0;"ECO";5468;1,43;3,08;0;"DIV";10549;2,76;5,94;0;"REM";31677;8,3;17,83;0;"UDI";16631;4,36;9,36;0;"LR";33431;8,76;18,82;0;"DVD";11107;2,91;6,25;0;"DLF";3853;1,01;2,17;0;"FN";34413;9,02;19,37;0;"EXD";464;0,12;0,26;0;;;;;;;;;;;;;;;;;;;;;
52;"Haute-Marne";134009;67259;50,19;66750;49,81;1133;0,85;1,7;421;0,31;0,63;65196;48,65;97,67;"EXG";513;0,38;0,79;0;"COM";783;0,58;1,2;0;"FI";6449;4,81;9,89;0;"SOC";2647;1,98;4,06;0;"DVG";139;0,1;0,21;0;"ECO";1606;1,2;2,46;0;"DIV";407;0,3;0,62;0;"REM";17693;13,2;27,14;0;"LR";16704;12,46;25,62;0;"DVD";3011;2,25;4,62;0;"FN";15244;11,38;23,38;0;;;;;;;;;;;;;;;;;;;;;;;;;;;;;;;
53;"Mayenne";222477;103975;46,74;118502;53,26;1993;0,9;1,68;863;0,39;0,73;115646;51,98;97,59;"EXG";613;0,28;0,53;0;"COM";1885;0,85;1,63;0;"FI";6825;3,07;5,9;0;"SOC";15361;6,9;13,28;0;"RDG";714;0,32;0,62;0;"ECO";4556;2,05;3,94;0;"DIV";1086;0,49;0,94;0;"REM";21468;9,65;18,56;0;"MDM";15077;6,78;13,04;0;"UDI";16004;7,19;13,84;0;"LR";18821;8,46;16,27;0;"DVD";2588;1,16;2,24;0;"DLF";1404;0,63;1,21;0;"FN";8944;4,02;7,73;0;"EXD";300;0,13;0,26;0;;;;;;;;;;;
54;"Meurthe-et-Moselle";494521;261928;52,97;232593;47,03;3258;0,66;1,4;1266;0,26;0,54;228069;46,12;98,05;"EXG";1964;0,4;0,86;0;"COM";5685;1,15;2,49;0;"FI";26808;5,42;11,75;0;"SOC";28592;5,78;12,54;0;"RDG";396;0,08;0,17;0;"DVG";4785;0,97;2,1;0;"ECO";8972;1,81;3,93;0;"DIV";7778;1,57;3,41;0;"REM";48924;9,89;21,45;0;"MDM";14871;3,01;6,52;0;"UDI";3065;0,62;1,34;0;"LR";28955;5,86;12,7;0;"DVD";6902;1,4;3,03;0;"DLF";3726;0,75;1,63;0;"FN";35452;7,17;15,54;0;"EXD";1194;0,24;0,52;0;;;;;;
55;"Meuse";137569;69480;50,51;68089;49,49;1275;0,93;1,87;458;0,33;0,67;66356;48,23;97,45;"EXG";536;0,39;0,81;0;"COM";842;0,61;1,27;0;"FI";5597;4,07;8,43;0;"SOC";4461;3,24;6,72;0;"ECO";1974;1,43;2,97;0;"DIV";872;0,63;1,31;0;"REG";408;0,3;0,61;0;"REM";18103;13,16;27,28;0;"UDI";10477;7,62;15,79;0;"LR";3498;2,54;5,27;0;"DVD";5165;3,75;7,78;0;"DLF";860;0,63;1,3;0;"FN";12948;9,41;19,51;0;"EXD";615;0,45;0,93;0;;;;;;;;;;;;;;;;
56;"Morbihan";577028;261904;45,39;315124;54,61;5364;0,93;1,7;2120;0,37;0,67;307640;53,31;97,63;"EXG";2509;0,43;0,82;0;"COM";3416;0,59;1,11;0;"FI";33455;5,8;10,87;0;"SOC";6295;1,09;2,05;0;"DVG";5563;0,96;1,81;0;"ECO";12862;2,23;4,18;0;"DIV";18770;3,25;6,1;0;"REG";10096;1,75;3,28;0;"REM";110865;19,21;36,04;1;"UDI";17260;2,99;5,61;0;"LR";46967;8,14;15,27;0;"DVD";5946;1,03;1,93;0;"DLF";4138;0,72;1,35;0;"FN";28200;4,89;9,17;0;"EXD";1298;0,22;0,42;0;;;;;;;;;;;
57;"Moselle";751206;431534;57,45;319672;42,55;5126;0,68;1,6;1833;0,24;0,57;312713;41,63;97,82;"EXG";2804;0,37;0,9;0;"COM";4465;0,59;1,43;0;"FI";29557;3,93;9,45;0;"SOC";22042;2,93;7,05;0;"DVG";4366;0,58;1,4;0;"ECO";9090;1,21;2,91;0;"DIV";9713;1,29;3,11;0;"REG";2740;0,36;0,88;0;"REM";82798;11,02;26,48;0;"MDM";9729;1,3;3,11;0;"UDI";17528;2,33;5,61;0;"LR";46259;6,16;14,79;0;"DVD";11241;1,5;3,59;0;"DLF";2353;0,31;0,75;0;"FN";57744;7,69;18,47;0;"EXD";284;0,04;0,09;0;;;;;;
58;"Nièvre";159297;78565;49,32;80732;50,68;1614;1,01;2;651;0,41;0,81;78467;49,26;97,19;"EXG";654;0,41;0,83;0;"COM";3094;1,94;3,94;0;"FI";8294;5,21;10,57;0;"SOC";12456;7,82;15,87;0;"RDG";143;0,09;0,18;0;"ECO";2304;1,45;2,94;0;"DIV";1140;0,72;1,45;0;"REM";26874;16,87;34,25;0;"UDI";3325;2,09;4,24;0;"LR";3805;2,39;4,85;0;"DVD";2036;1,28;2,59;0;"DLF";1779;1,12;2,27;0;"FN";12166;7,64;15,5;0;"EXD";397;0,25;0,51;0;;;;;;;;;;;;;;;;
59;"Nord";1805218;975570;54,04;829648;45,96;12889;0,71;1,55;5117;0,28;0,62;811642;44,96;97,83;"EXG";8663;0,48;1,07;0;"COM";36035;2;4,44;0;"FI";101414;5,62;12,49;0;"SOC";45946;2,55;5,66;0;"RDG";3759;0,21;0,46;0;"DVG";22325;1,24;2,75;0;"ECO";34877;1,93;4,3;0;"DIV";8895;0,49;1,1;0;"REG";38;0;0;0;"REM";192573;10,67;23,73;0;"MDM";24935;1,38;3,07;0;"UDI";49785;2,76;6,13;0;"LR";97020;5,37;11,95;0;"DVD";17614;0,98;2,17;0;"DLF";3853;0,21;0,47;0;"FN";160540;8,89;19,78;0;"EXD";3370;0,19;0,42;0;
60;"Oise";562375;292791;52,06;269584;47,94;4063;0,72;1,51;1596;0,28;0,59;263925;46,93;97,9;"EXG";2588;0,46;0,98;0;"COM";15464;2,75;5,86;0;"FI";19540;3,47;7,4;0;"SOC";4920;0,87;1,86;0;"RDG";1476;0,26;0,56;0;"DVG";3852;0,68;1,46;0;"ECO";8058;1,43;3,05;0;"DIV";2192;0,39;0,83;0;"REM";77404;13,76;29,33;0;"LR";62946;11,19;23,85;0;"DVD";4679;0,83;1,77;0;"DLF";4932;0,88;1,87;0;"FN";54708;9,73;20,73;0;"EXD";1166;0,21;0,44;0;;;;;;;;;;;;;;;;
61;"Orne";208636;99258;47,57;109378;52,43;2180;1,04;1,99;657;0,31;0,6;106541;51,07;97,41;"EXG";1025;0,49;0,96;0;"COM";1371;0,66;1,29;0;"FI";9230;4,42;8,66;0;"SOC";12295;5,89;11,54;0;"DVG";556;0,27;0,52;0;"ECO";4015;1,92;3,77;0;"DIV";929;0,45;0,87;0;"REM";23707;11,36;22,25;0;"LR";28855;13,83;27,08;0;"DVD";7669;3,68;7,2;0;"DLF";1631;0,78;1,53;0;"FN";15023;7,2;14,1;0;"EXD";235;0,11;0,22;0;;;;;;;;;;;;;;;;;;;;;
62;"Pas-de-Calais";1090595;550370;50,47;540225;49,53;9001;0,83;1,67;4908;0,45;0,91;526316;48,26;97,43;"EXG";6012;0,55;1,14;0;"COM";20792;1,91;3,95;0;"FI";59158;5,42;11,24;0;"SOC";55986;5,13;10,64;0;"RDG";4623;0,42;0,88;0;"DVG";3095;0,28;0,59;0;"ECO";15726;1,44;2,99;0;"DIV";3644;0,33;0,69;0;"REM";103272;9,47;19,62;0;"MDM";40570;3,72;7,71;0;"UDI";10594;0,97;2,01;0;"LR";56953;5,22;10,82;0;"DVD";4211;0,39;0,8;0;"DLF";5020;0,46;0,95;0;"FN";135137;12,39;25,68;0;"EXD";1523;0,14;0,29;0;;;;;;
63;"Puy-de-Dôme";461113;221531;48,04;239582;51,96;3149;0,68;1,31;1677;0,36;0,7;234756;50,91;97,99;"EXG";1647;0,36;0,7;0;"COM";23053;5;9,82;0;"FI";29705;6,44;12,65;0;"SOC";22612;4,9;9,63;0;"DVG";3442;0,75;1,47;0;"ECO";9663;2,1;4,12;0;"DIV";1737;0,38;0,74;0;"REM";44703;9,69;19,04;0;"MDM";34856;7,56;14,85;0;"UDI";13890;3,01;5,92;0;"LR";24842;5,39;10,58;0;"DVD";352;0,08;0,15;0;"DLF";3058;0,66;1,3;0;"FN";21191;4,6;9,03;0;"EXD";5;0;0;0;;;;;;;;;;;
64;"Pyrénées-Atlantiques";502206;226596;45,12;275610;54,88;4335;0,86;1,57;1987;0,4;0,72;269288;53,62;97,71;"EXG";1825;0,36;0,68;0;"COM";6291;1,25;2,34;0;"FI";27040;5,38;10,04;0;"SOC";38224;7,61;14,19;0;"DVG";1112;0,22;0,41;0;"ECO";8859;1,76;3,29;0;"DIV";2245;0,45;0,83;0;"REG";16472;3,28;6,12;0;"REM";25335;5,04;9,41;0;"MDM";69746;13,89;25,9;0;"UDI";9035;1,8;3,36;0;"LR";32242;6,42;11,97;0;"DVD";9832;1,96;3,65;0;"DLF";1198;0,24;0,44;0;"FN";19832;3,95;7,36;0;;;;;;;;;;;
65;"Hautes-Pyrénées";177659;83422;46,96;94237;53,04;1884;1,06;2;1246;0,7;1,32;91107;51,28;96,68;"EXG";731;0,41;0,8;0;"COM";4107;2,31;4,51;0;"FI";13362;7,52;14,67;0;"SOC";6583;3,71;7,23;0;"RDG";7615;4,29;8,36;0;"DVG";284;0,16;0,31;0;"ECO";3072;1,73;3,37;0;"DIV";1949;1,1;2,14;0;"REM";34249;19,28;37,59;0;"LR";6523;3,67;7,16;0;"DVD";1370;0,77;1,5;0;"DLF";1271;0,72;1,4;0;"FN";9991;5,62;10,97;0;;;;;;;;;;;;;;;;;;;;;
66;"Pyrénées-Orientales";347761;176931;50,88;170830;49,12;3097;0,89;1,81;1434;0,41;0,84;166299;47,82;97,35;"EXG";1234;0,35;0,74;0;"COM";7684;2,21;4,62;0;"FI";19230;5,53;11,56;0;"SOC";11986;3,45;7,21;0;"DVG";1941;0,56;1,17;0;"ECO";2580;0,74;1,55;0;"DIV";4076;1,17;2,45;0;"REG";5900;1,7;3,55;0;"REM";33214;9,55;19,97;0;"MDM";13456;3,87;8,09;0;"LR";25024;7,2;15,05;0;"DVD";174;0,05;0,1;0;"DLF";1742;0,5;1,05;0;"FN";38058;10,94;22,89;0;;;;;;;;;;;;;;;;
67;"Bas-Rhin";766815;404568;52,76;362247;47,24;4474;0,58;1,24;2142;0,28;0,59;355631;46,38;98,17;"EXG";1932;0,25;0,54;0;"COM";2609;0,34;0,73;0;"FI";28115;3,67;7,91;0;"SOC";12137;1,58;3,41;0;"RDG";845;0,11;0,24;0;"DVG";31;0;0,01;0;"ECO";21009;2,74;5,91;0;"DIV";7682;1;2,16;0;"REG";25093;3,27;7,06;0;"REM";93246;12,16;26,22;0;"MDM";13695;1,79;3,85;0;"UDI";3893;0,51;1,09;0;"LR";89685;11,7;25,22;0;"DVD";3596;0,47;1,01;0;"DLF";4661;0,61;1,31;0;"FN";45516;5,94;12,8;0;"EXD";1886;0,25;0,53;0;
68;"Haut-Rhin";526648;285744;54,26;240904;45,74;3778;0,72;1,57;1324;0,25;0,55;235802;44,77;97,88;"EXG";1398;0,27;0,59;0;"COM";1190;0,23;0,5;0;"FI";16959;3,22;7,19;0;"SOC";1818;0,35;0,77;0;"RDG";446;0,08;0,19;0;"DVG";87;0,02;0,04;0;"ECO";11295;2,14;4,79;0;"DIV";6369;1,21;2,7;0;"REG";16016;3,04;6,79;0;"REM";75885;14,41;32,18;0;"UDI";8614;1,64;3,65;0;"LR";43493;8,26;18,44;0;"DVD";16405;3,11;6,96;0;"DLF";3257;0,62;1,38;0;"FN";31897;6,06;13,53;0;"EXD";673;0,13;0,29;0;;;;;;
69;"Rhône";1156132;583754;50,49;572378;49,51;5061;0,44;0,88;1832;0,16;0,32;565485;48,91;98,8;"EXG";3522;0,3;0,62;0;"COM";11193;0,97;1,98;0;"FI";62523;5,41;11,06;0;"SOC";15352;1,33;2,71;0;"RDG";1174;0,1;0,21;0;"DVG";7858;0,68;1,39;0;"ECO";33533;2,9;5,93;0;"DIV";11501;0,99;2,03;0;"REG";0;0;0;0;"REM";210725;18,23;37,26;0;"MDM";17412;1,51;3,08;0;"UDI";6279;0,54;1,11;0;"LR";110143;9,53;19,48;0;"DVD";8416;0,73;1,49;0;"DLF";7111;0,62;1,26;0;"FN";57235;4,95;10,12;0;"EXD";1508;0,13;0,27;0;
70;"Haute-Saône";179208;83555;46,62;95653;53,38;1679;0,94;1,76;1200;0,67;1,25;92774;51,77;96,99;"EXG";815;0,45;0,88;0;"COM";1377;0,77;1,48;0;"FI";9691;5,41;10,45;0;"SOC";2256;1,26;2,43;0;"ECO";3628;2,02;3,91;0;"DIV";4715;2,63;5,08;0;"REM";28238;15,76;30,44;0;"LR";12891;7,19;13,9;0;"DVD";8135;4,54;8,77;0;"DLF";1704;0,95;1,84;0;"FN";18203;10,16;19,62;0;"EXD";1121;0,63;1,21;0;;;;;;;;;;;;;;;;;;;;;;;;;;
71;"Saône-et-Loire";406286;205372;50,55;200914;49,45;3329;0,82;1,66;1489;0,37;0,74;196096;48,27;97,6;"EXG";1516;0,37;0,77;0;"COM";6717;1,65;3,43;0;"FI";15255;3,75;7,78;0;"SOC";22375;5,51;11,41;0;"RDG";3813;0,94;1,94;0;"DVG";15;0;0,01;0;"ECO";6641;1,63;3,39;0;"DIV";1226;0,3;0,63;0;"REM";61111;15,04;31,16;0;"LR";38770;9,54;19,77;0;"DVD";8213;2,02;4,19;0;"DLF";3721;0,92;1,9;0;"FN";25995;6,4;13,26;0;"EXD";728;0,18;0,37;0;;;;;;;;;;;;;;;;
72;"Sarthe";405616;203182;50,09;202434;49,91;5024;1,24;2,48;1345;0,33;0,66;196065;48,34;96,85;"EXG";1908;0,47;0,97;0;"COM";2208;0,54;1,13;0;"FI";23423;5,77;11,95;0;"SOC";29668;7,31;15,13;0;"DVG";517;0,13;0,26;0;"ECO";8361;2,06;4,26;0;"DIV";4178;1,03;2,13;0;"REM";48337;11,92;24,65;0;"UDI";6191;1,53;3,16;0;"LR";38039;9,38;19,4;0;"DVD";2161;0,53;1,1;0;"DLF";3466;0,85;1,77;0;"FN";25454;6,28;12,98;0;"EXD";2154;0,53;1,1;0;;;;;;;;;;;;;;;;
73;"Savoie";310455;162841;52,45;147614;47,55;1989;0,64;1,35;735;0,24;0,5;144890;46,67;98,15;"EXG";883;0,28;0,61;0;"COM";3523;1,13;2,43;0;"FI";17685;5,7;12,21;0;"SOC";1835;0,59;1,27;0;"DVG";6194;2;4,27;0;"ECO";7106;2,29;4,9;0;"DIV";17669;5,69;12,19;0;"REM";25503;8,21;17,6;0;"MDM";10077;3,25;6,95;0;"UDI";2480;0,8;1,71;0;"LR";33355;10,74;23,02;0;"DVD";0;0;0;0;"DLF";1335;0,43;0,92;0;"FN";17245;5,55;11,9;0;;;;;;;;;;;;;;;;
74;"Haute-Savoie";536839;287429;53,54;249410;46,46;2642;0,49;1,06;1033;0,19;0,41;245735;45,77;98,53;"EXG";1254;0,23;0,51;0;"COM";3664;0,68;1,49;0;"FI";19568;3,65;7,96;0;"SOC";5222;0,97;2,13;0;"RDG";552;0,1;0,22;0;"DVG";205;0,04;0,08;0;"ECO";11671;2,17;4,75;0;"DIV";7929;1,48;3,23;0;"REG";7184;1,34;2,92;0;"REM";96711;18,01;39,36;0;"LR";57725;10,75;23,49;0;"DVD";7982;1,49;3,25;0;"DLF";2240;0,42;0,91;0;"FN";23828;4,44;9,7;0;;;;;;;;;;;;;;;;
75;"Paris";1302186;562186;43,17;740000;56,83;6184;0,47;0,84;2590;0,2;0,35;731226;56,15;98,81;"EXG";3917;0,3;0,54;0;"COM";14615;1,12;2;0;"FI";82561;6,34;11,29;0;"SOC";74997;5,76;10,26;0;"RDG";1047;0,08;0,14;0;"DVG";9184;0,71;1,26;0;"ECO";56772;4,36;7,76;0;"DIV";24597;1,89;3,36;0;"REG";79;0,01;0,01;0;"REM";260649;20,02;35,65;1;"MDM";17733;1,36;2,43;0;"UDI";9110;0,7;1,25;0;"LR";121178;9,31;16,57;0;"DVD";24861;1,91;3,4;0;"DLF";5348;0,41;0,73;0;"FN";23949;1,84;3,28;0;"EXD";629;0,05;0,09;0;
76;"Seine-Maritime";880656;439881;49,95;440775;50,05;8533;0,97;1,94;2142;0,24;0,49;430100;48,84;97,58;"EXG";4920;0,56;1,14;0;"COM";37459;4,25;8,71;0;"FI";41247;4,68;9,59;0;"SOC";63257;7,18;14,71;0;"RDG";6971;0,79;1,62;0;"DVG";3478;0,39;0,81;0;"ECO";11471;1,3;2,67;0;"DIV";5862;0,67;1,36;0;"REM";105175;11,94;24,45;0;"UDI";15673;1,78;3,64;0;"LR";55465;6,3;12,9;0;"DVD";802;0,09;0,19;0;"DLF";4957;0,56;1,15;0;"FN";71786;8,15;16,69;0;"EXD";1577;0,18;0,37;0;;;;;;;;;;;
77;"Seine-et-Marne";881559;484632;54,97;396927;45,03;6290;0,71;1,58;1970;0,22;0,5;388667;44,09;97,92;"EXG";3189;0,36;0,82;0;"COM";9251;1,05;2,38;0;"FI";49654;5,63;12,78;0;"SOC";25375;2,88;6,53;0;"RDG";5303;0,6;1,36;0;"DVG";1573;0,18;0,4;0;"ECO";13468;1,53;3,47;0;"DIV";4319;0,49;1,11;0;"REG";356;0,04;0,09;0;"REM";98029;11,12;25,22;0;"MDM";11126;1,26;2,86;0;"UDI";17464;1,98;4,49;0;"LR";74964;8,5;19,29;0;"DVD";2884;0,33;0,74;0;"DLF";8616;0,98;2,22;0;"FN";62876;7,13;16,18;0;"EXD";220;0,02;0,06;0;
78;"Yvelines";951394;451113;47,42;500281;52,58;5176;0,54;1,03;1701;0,18;0,34;493404;51,86;98,63;"EXG";2893;0,3;0,59;0;"COM";7066;0,74;1,43;0;"FI";43698;4,59;8,86;0;"SOC";22611;2,38;4,58;0;"RDG";2080;0,22;0,42;0;"DVG";2022;0,21;0,41;0;"ECO";21180;2,23;4,29;0;"DIV";8016;0,84;1,62;0;"REM";176742;18,58;35,82;0;"MDM";31970;3,36;6,48;0;"UDI";7600;0,8;1,54;0;"LR";97313;10,23;19,72;0;"DVD";22377;2,35;4,54;0;"DLF";7208;0,76;1,46;0;"FN";38038;4;7,71;0;"EXD";2590;0,27;0,52;0;;;;;;
79;"Deux-Sèvres";272427;131756;48,36;140671;51,64;2355;0,86;1,67;1317;0,48;0,94;136999;50,29;97,39;"EXG";1042;0,38;0,76;0;"FI";16658;6,11;12,16;0;"SOC";23786;8,73;17,36;0;"DVG";2167;0,8;1,58;0;"ECO";2722;1;1,99;0;"DIV";1341;0,49;0,98;0;"REM";50917;18,69;37,17;0;"UDI";5140;1,89;3,75;0;"LR";14323;5,26;10,45;0;"DVD";3279;1,2;2,39;0;"DLF";1565;0,57;1,14;0;"FN";13208;4,85;9,64;0;"EXD";851;0,31;0,62;0;;;;;;;;;;;;;;;;;;;;;
80;"Somme";409057;200202;48,94;208855;51,06;4401;1,08;2,11;1488;0,36;0,71;202966;49,62;97,18;"EXG";2228;0,54;1,1;0;"COM";4579;1,12;2,26;0;"FI";30473;7,45;15,01;0;"SOC";7530;1,84;3,71;0;"ECO";2877;0,7;1,42;0;"DIV";2951;0,72;1,45;0;"REM";53893;13,17;26,55;0;"UDI";27007;6,6;13,31;1;"LR";22688;5,55;11,18;0;"DVD";4579;1,12;2,26;0;"DLF";4045;0,99;1,99;0;"FN";37644;9,2;18,55;0;"EXD";2472;0,6;1,22;0;;;;;;;;;;;;;;;;;;;;;
81;"Tarn";291226;131109;45,02;160117;54,98;3082;1,06;1,92;1753;0,6;1,09;155282;53,32;96,98;"EXG";976;0,34;0,63;0;"COM";3660;1,26;2,36;0;"FI";19391;6,66;12,49;0;"SOC";16170;5,55;10,41;0;"ECO";7725;2,65;4,97;0;"DIV";7956;2,73;5,12;0;"REM";37105;12,74;23,9;0;"LR";20588;7,07;13,26;0;"DVD";14404;4,95;9,28;0;"DLF";2630;0,9;1,69;0;"FN";24677;8,47;15,89;0;;;;;;;;;;;;;;;;;;;;;;;;;;;;;;;
82;"Tarn-et-Garonne";183303;87039;47,48;96264;52,52;2160;1,18;2,24;1083;0,59;1,13;93021;50,75;96,63;"EXG";590;0,32;0,63;0;"COM";2145;1,17;2,31;0;"FI";11643;6,35;12,52;0;"SOC";8892;4,85;9,56;0;"RDG";12440;6,79;13,37;0;"DVG";2749;1,5;2,96;0;"ECO";3618;1,97;3,89;0;"DIV";1057;0,58;1,14;0;"REM";13802;7,53;14,84;0;"LR";16075;8,77;17,28;0;"DVD";508;0,28;0,55;0;"DLF";673;0,37;0,72;0;"FN";17952;9,79;19,3;0;"EXD";877;0,48;0,94;0;;;;;;;;;;;;;;;;
83;"Var";794851;427415;53,77;367436;46,23;4999;0,63;1,36;1907;0,24;0,52;360530;45,36;98,12;"EXG";1545;0,19;0,43;0;"COM";6188;0,78;1,72;0;"FI";32521;4,09;9,02;0;"SOC";2085;0,26;0,58;0;"RDG";499;0,06;0,14;0;"DVG";1601;0,2;0,44;0;"ECO";10975;1,38;3,04;0;"DIV";6479;0,82;1,8;0;"REG";980;0,12;0,27;0;"REM";104323;13,12;28,94;0;"MDM";12513;1,57;3,47;0;"LR";72694;9,15;20,16;0;"DVD";14159;1,78;3,93;0;"DLF";5190;0,65;1,44;0;"FN";86239;10,85;23,92;0;"EXD";2539;0,32;0,7;0;;;;;;
84;"Vaucluse";402556;207686;51,59;194870;48,41;3151;0,78;1,62;1142;0,28;0,59;190577;47,34;97,8;"EXG";1245;0,31;0,65;0;"COM";4747;1,18;2,49;0;"FI";21512;5,34;11,29;0;"SOC";5003;1,24;2,63;0;"RDG";1922;0,48;1,01;0;"DVG";629;0,16;0,33;0;"ECO";8312;2,06;4,36;0;"DIV";2090;0,52;1,1;0;"REG";280;0,07;0,15;0;"REM";57036;14,17;29,93;0;"LR";30893;7,67;16,21;0;"DVD";2403;0,6;1,26;0;"DLF";3176;0,79;1,67;0;"FN";42871;10,65;22,5;0;"EXD";8458;2,1;4,44;0;;;;;;;;;;;
85;"Vendée";514528;240898;46,82;273630;53,18;4475;0,87;1,64;2176;0,42;0,8;266979;51,89;97,57;"EXG";1853;0,36;0,69;0;"COM";4044;0,79;1,51;0;"FI";24111;4,69;9,03;0;"SOC";20575;4;7,71;0;"ECO";9762;1,9;3,66;0;"DIV";2191;0,43;0,82;0;"REM";62178;12,08;23,29;0;"MDM";41986;8,16;15,73;0;"UDI";14005;2,72;5,25;0;"LR";41775;8,12;15,65;0;"DVD";14114;2,74;5,29;0;"DLF";3734;0,73;1,4;0;"FN";26651;5,18;9,98;0;;;;;;;;;;;;;;;;;;;;;
86;"Vienne";306815;149880;48,85;156935;51,15;2877;0,94;1,83;1385;0,45;0,88;152673;49,76;97,28;"EXG";1377;0,45;0,9;0;"COM";4319;1,41;2,83;0;"FI";19338;6,3;12,67;0;"SOC";7100;2,31;4,65;0;"DVG";1280;0,42;0,84;0;"ECO";10807;3,52;7,08;0;"DIV";2719;0,89;1,78;0;"REM";48275;15,73;31,62;0;"MDM";11089;3,61;7,26;0;"UDI";6799;2,22;4,45;0;"LR";15250;4,97;9,99;0;"DVD";3665;1,19;2,4;0;"DLF";1012;0,33;0,66;0;"FN";19041;6,21;12,47;0;"EXD";602;0,2;0,39;0;;;;;;;;;;;
87;"Haute-Vienne";265077;116089;43,79;148988;56,21;2667;1,01;1,79;1787;0,67;1,2;144534;54,53;97,01;"EXG";1202;0,45;0,83;0;"COM";9624;3,63;6,66;0;"FI";19668;7,42;13,61;0;"SOC";16803;6,34;11,63;0;"DVG";682;0,26;0,47;0;"ECO";5706;2,15;3,95;0;"DIV";1135;0,43;0,79;0;"REM";52884;19,95;36,59;0;"UDI";6011;2,27;4,16;0;"LR";13218;4,99;9,15;0;"DVD";762;0,29;0,53;0;"DLF";1969;0,74;1,36;0;"FN";14870;5,61;10,29;0;;;;;;;;;;;;;;;;;;;;;
88;"Vosges";282564;139579;49,4;142985;50,6;2747;0,97;1,92;1584;0,56;1,11;138654;49,07;96,97;"EXG";1144;0,4;0,83;0;"COM";1974;0,7;1,42;0;"FI";14065;4,98;10,14;0;"SOC";12042;4,26;8,68;0;"ECO";4640;1,64;3,35;0;"DIV";2117;0,75;1,53;0;"REM";30383;10,75;21,91;0;"MDM";5964;2,11;4,3;0;"LR";27292;9,66;19,68;0;"DVD";11823;4,18;8,53;0;"DLF";3332;1,18;2,4;0;"FN";22588;7,99;16,29;0;"EXD";1290;0,46;0,93;0;;;;;;;;;;;;;;;;;;;;;
89;"Yonne";241784;119854;49,57;121930;50,43;1844;0,76;1,51;856;0,35;0,7;119230;49,31;97,79;"EXG";894;0,37;0,75;0;"COM";2340;0,97;1,96;0;"FI";12722;5,26;10,67;0;"SOC";2206;0,91;1,85;0;"RDG";1035;0,43;0,87;0;"DVG";108;0,04;0,09;0;"ECO";4558;1,89;3,82;0;"DIV";1595;0,66;1,34;0;"REM";36785;15,21;30,85;0;"UDI";8321;3,44;6,98;0;"LR";18061;7,47;15,15;0;"DVD";3946;1,63;3,31;0;"DLF";2240;0,93;1,88;0;"FN";24270;10,04;20,36;0;"EXD";149;0,06;0,12;0;;;;;;;;;;;
90;"Territoire de Belfort";95378;48007;50,33;47371;49,67;896;0,94;1,89;412;0,43;0,87;46063;48,3;97,24;"EXG";495;0,52;1,07;0;"COM";667;0,7;1,45;0;"FI";5465;5,73;11,86;0;"SOC";3467;3,64;7,53;0;"ECO";1486;1,56;3,23;0;"DIV";1182;1,24;2,57;0;"REM";6836;7,17;14,84;0;"MDM";7379;7,74;16,02;0;"UDI";5386;5,65;11,69;0;"LR";5493;5,76;11,92;0;"DLF";506;0,53;1,1;0;"FN";7568;7,93;16,43;0;"EXD";133;0,14;0,29;0;;;;;;;;;;;;;;;;;;;;;
91;"Essonne";794882;400979;50,45;393903;49,55;4655;0,59;1,18;1877;0,24;0,48;387371;48,73;98,34;"EXG";2544;0,32;0,66;0;"COM";9096;1,14;2,35;0;"FI";49339;6,21;12,74;0;"SOC";29015;3,65;7,49;0;"DVG";7856;0,99;2,03;0;"ECO";16980;2,14;4,38;0;"DIV";10384;1,31;2,68;0;"REM";113682;14,3;29,35;0;"MDM";13371;1,68;3,45;0;"UDI";17308;2,18;4,47;0;"LR";46045;5,79;11,89;0;"DVD";15781;1,99;4,07;0;"DLF";18509;2,33;4,78;0;"FN";37461;4,71;9,67;0;;;;;;;;;;;;;;;;
92;"Hauts-de-Seine";983045;448172;45,59;534873;54,41;8000;0,81;1,5;1296;0,13;0,24;525577;53,46;98,26;"EXG";3278;0,33;0,62;0;"COM";7764;0,79;1,48;0;"FI";45196;4,6;8,6;0;"SOC";27021;2,75;5,14;0;"RDG";3770;0,38;0,72;0;"DVG";7995;0,81;1,52;0;"ECO";24345;2,48;4,63;0;"DIV";16860;1,72;3,21;0;"REM";193192;19,65;36,76;0;"MDM";20978;2,13;3,99;0;"UDI";12892;1,31;2,45;0;"LR";104341;10,61;19,85;0;"DVD";29887;3,04;5,69;0;"DLF";3431;0,35;0,65;0;"FN";23723;2,41;4,51;0;"EXD";904;0,09;0,17;0;;;;;;
93;"Seine-Saint-Denis";768560;466490;60,7;302070;39,3;5275;0,69;1,75;1875;0,24;0,62;294920;38,37;97,63;"EXG";4559;0,59;1,55;0;"COM";20318;2,64;6,89;0;"FI";52685;6,86;17,86;0;"SOC";27502;3,58;9,33;0;"RDG";3320;0,43;1,13;0;"DVG";3214;0,42;1,09;0;"ECO";14408;1,87;4,89;0;"DIV";9490;1,23;3,22;0;"REM";85968;11,19;29,15;0;"UDI";16329;2,12;5,54;0;"LR";26755;3,48;9,07;0;"DVD";220;0,03;0,07;0;"DLF";2531;0,33;0,86;0;"FN";27621;3,59;9,37;0;;;;;;;;;;;;;;;;
94;"Val-de-Marne";786540;405553;51,56;380987;48,44;4487;0,57;1,18;1624;0,21;0,43;374876;47,66;98,4;"EXG";3032;0,39;0,81;0;"COM";24012;3,05;6,41;0;"FI";43638;5,55;11,64;0;"SOC";20460;2,6;5,46;0;"RDG";550;0,07;0,15;0;"DVG";4741;0,6;1,26;0;"ECO";22628;2,88;6,04;0;"DIV";10870;1,38;2,9;0;"REG";0;0;0;0;"REM";121215;15,41;32,33;0;"MDM";14208;1,81;3,79;0;"UDI";8206;1,04;2,19;0;"LR";67725;8,61;18,07;0;"DVD";1906;0,24;0,51;0;"DLF";4518;0,57;1,21;0;"FN";26716;3,4;7,13;0;"EXD";451;0,06;0,12;0;
95;"Val-d'Oise";731303;410171;56,09;321132;43,91;4531;0,62;1,41;1639;0,22;0,51;314962;43,07;98,08;"EXG";2969;0,41;0,94;0;"COM";8193;1,12;2,6;0;"FI";38964;5,33;12,37;0;"SOC";27984;3,83;8,88;0;"DVG";2246;0,31;0,71;0;"ECO";14135;1,93;4,49;0;"DIV";11407;1,56;3,62;0;"REG";234;0,03;0,07;0;"REM";95064;13;30,18;0;"MDM";13897;1,9;4,41;0;"UDI";3275;0,45;1,04;0;"LR";55108;7,54;17,5;0;"DVD";1318;0,18;0,42;0;"DLF";1520;0,21;0,48;0;"FN";36422;4,98;11,56;0;"EXD";2226;0,3;0,71;0;;;;;;
"ZA";"Guadeloupe";316217;235241;74,39;80976;25,61;2966;0,94;3,66;3412;1,08;4,21;74598;23,59;92,12;"EXG";912;0,29;1,22;0;"COM";1611;0,51;2,16;0;"FI";3626;1,15;4,86;0;"SOC";9686;3,06;12,98;0;"DVG";24671;7,8;33,07;0;"ECO";3380;1,07;4,53;0;"DIV";5954;1,88;7,98;0;"REG";61;0,02;0,08;0;"REM";12023;3,8;16,12;0;"UDI";327;0,1;0,44;0;"LR";5058;1,6;6,78;0;"DVD";6159;1,95;8,26;0;"FN";1130;0,36;1,51;0;;;;;;;;;;;;;;;;;;;;;
"ZB";"Martinique";310233;229328;73,92;80905;26,08;2672;0,86;3,3;2065;0,67;2,55;76168;24,55;94,14;"EXG";1248;0,4;1,64;0;"FI";2933;0,95;3,85;0;"SOC";1102;0,36;1,45;0;"DVG";33372;10,76;43,81;0;"ECO";1218;0,39;1,6;0;"DIV";5142;1,66;6,75;0;"REG";15084;4,86;19,8;0;"REM";2665;0,86;3,5;0;"MDM";985;0,32;1,29;0;"UDI";1042;0,34;1,37;0;"LR";9753;3,14;12,8;0;"DVD";708;0,23;0,93;0;"FN";916;0,3;1,2;0;;;;;;;;;;;;;;;;;;;;;
"ZC";"Guyane";93075;69991;75,2;23084;24,8;722;0,78;3,13;420;0,45;1,82;21942;23,57;95,05;"FI";1323;1,42;6,03;0;"DVG";9748;10,47;44,43;0;"DIV";176;0,19;0,8;0;"REG";2356;2,53;10,74;0;"REM";7167;7,7;32,66;0;"LR";429;0,46;1,96;0;"DVD";743;0,8;3,39;0;;;;;;;;;;;;;;;;;;;;;;;;;;;;;;;;;;;;;;;;;;;;;;;;;;;
"ZD";"La Réunion";640367;418255;65,31;222112;34,69;9315;1,45;4,19;9675;1,51;4,36;203122;31,72;91,45;"EXG";1810;0,28;0,89;0;"FI";13871;2,17;6,83;0;"SOC";19266;3,01;9,48;0;"DVG";40067;6,26;19,73;0;"ECO";5135;0,8;2,53;0;"DIV";7468;1,17;3,68;0;"REM";18170;2,84;8,95;0;"MDM";14146;2,21;6,96;0;"LR";47564;7,43;23,42;0;"DVD";24497;3,83;12,06;0;"FN";11128;1,74;5,48;0;;;;;;;;;;;;;;;;;;;;;;;;;;;;;;;
"ZM";"Mayotte";82800;46018;55,58;36782;44,42;1303;1,57;3,54;2507;3,03;6,82;32972;39,82;89,64;"FI";679;0,82;2,06;0;"SOC";4531;5,47;13,74;0;"RDG";980;1,18;2,97;0;"DVG";4250;5,13;12,89;0;"DIV";5697;6,88;17,28;0;"MDM";2244;2,71;6,81;0;"UDI";1784;2,15;5,41;0;"LR";9284;11,21;28,16;0;"DVD";2884;3,48;8,75;0;"FN";639;0,77;1,94;0;;;;;;;;;;;;;;;;;;;;;;;;;;;;;;;;;;;;
"ZN";"Nouvelle-Calédonie";189784;122001;64,28;67783;35,72;1765;0,93;2,6;667;0,35;0,98;65351;34,43;96,41;"FI";659;0,35;1,01;0;"DIV";623;0,33;0,95;0;"REG";15134;7,97;23,16;0;"UDI";8963;4,72;13,72;0;"LR";3921;2,07;6;0;"DVD";29789;15,7;45,58;0;"FN";6262;3,3;9,58;0;;;;;;;;;;;;;;;;;;;;;;;;;;;;;;;;;;;;;;;;;;;;;;;;;;;
"ZP";"Polynésie française";204116;118245;57,93;85871;42,07;1048;0,51;1,22;812;0,4;0,95;84011;41,16;97,83;"FI";1277;0,63;1,52;0;"DVG";3779;1,85;4,5;0;"ECO";778;0,38;0,93;0;"DIV";1017;0,5;1,21;0;"REG";17699;8,67;21,07;0;"REM";3508;1,72;4,18;0;"UDI";13626;6,68;16,22;0;"DVD";41306;20,24;49,17;0;"FN";1021;0,5;1,22;0;;;;;;;;;;;;;;;;;;;;;;;;;;;;;;;;;;;;;;;;;
"ZS";"Saint-Pierre-et-Miquelon";4974;2017;40,55;2957;59,45;30;0,6;1,01;20;0,4;0,68;2907;58,44;98,31;"FI";146;2,94;5,02;0;"RDG";1209;24,31;41,59;0;"DIV";1209;24,31;41,59;0;"DVD";314;6,31;10,8;0;"FN";29;0,58;1;0;;;;;;;;;;;;;;;;;;;;;;;;;;;;;;;;;;;;;;;;;;;;;;;;;;;;;;;;;;;;;
"ZW";"Wallis et Futuna";8480;1588;18,73;6892;81,27;31;0,37;0,45;22;0,26;0,32;6839;80,65;99,23;"DVG";6595;77,77;96,43;1;"LR";244;2,88;3,57;0;;;;;;;;;;;;;;;;;;;;;;;;;;;;;;;;;;;;;;;;;;;;;;;;;;;;;;;;;;;;;;;;;;;;;;;;;;;;
"ZX";"Saint-Martin/Saint-Barthélemy";25391;19292;75,98;6099;24,02;114;0,45;1,87;73;0,29;1,2;5912;23,28;96,93;"DVG";185;0,73;3,13;0;"DIV";2389;9,41;40,41;0;"REM";1286;5,06;21,75;0;"LR";1538;6,06;26,01;0;"DVD";216;0,85;3,65;0;"FN";279;1,1;4,72;0;"EXD";19;0,07;0,32;0;;;;;;;;;;;;;;;;;;;;;;;;;;;;;;;;;;;;;;;;;;;;;;;;;;;
"ZZ";"Français établis hors de France";1264845;1023173;80,89;241672;19,11;822;0,06;0,34;1401;0,11;0,58;239449;18,93;99,08;"COM";841;0,07;0,35;0;"FI";17652;1,4;7,37;0;"SOC";16364;1,29;6,83;0;"RDG";70;0,01;0,03;0;"DVG";2015;0,16;0,84;0;"ECO";14499;1,15;6,06;0;"DIV";8483;0,67;3,54;0;"REM";108318;8,56;45,24;0;"MDM";14359;1,14;6;0;"UDI";8029;0,63;3,35;0;"LR";30225;2,39;12,62;0;"DVD";11021;0,87;4,6;0;"DLF";61;0;0,03;0;"FN";6830;0,54;2,85;0;"EXD";682;0,05;0,28;0;;;;;;;;;;;